{
  "hyperparameters": {
    "n_estimators": 500,
    "max_depth": 6,
    "learning_rate": 0.1,
    "subsample": 0.8,
    "colsample_bytree": 0.8,
    "eval_metric": "logloss",
    "random_state": 42
  },
  "n_features": 74,
  "n_samples": 33276,
  "logo_performance": {
    "DynamicCrafter": 0.9984116527057008,
    "Latte": 0.9596953015528039,
    "OpenSora": 0.9891741515370254,
    "Pika": 0.9580544139622177,
    "SEINE": 0.9729950056064192,
    "SVD": 0.986207267388191,
    "VideoCrafter": 0.9961022118627256,
    "ZeroScope": 0.9915481750320204
  },
  "mean_logo_auc": 0.981523522455888
}