holdout_gen,auc,acc,f1
DynamicCrafter,0.9981098748832959,0.9773082942097027,0.9770509100501187
Latte,0.958023964082473,0.85,0.8658857279464499
OpenSora,0.9887058407877465,0.9418848167539267,0.9431643625192012
Pika,0.9544502962441191,0.8092152627789777,0.8357098574085555
SEINE,0.9728994242990958,0.9097717546362339,0.9143824027072758
SVD,0.9858475560155106,0.9384971693257849,0.9401152593335004
VideoCrafter,0.99612787641341,0.9691901408450704,0.9689551179705517
ZeroScope,0.9920126921378937,0.9490057729313662,0.9497947584464793
