generator,auc,acc
DynamicCrafter,0.9986860593941687,0.9743446737311768
Latte,0.9910426531174514,0.9678313921242374
OpenSora,0.9980045355244641,0.9758909853249476
Pika,0.9920047944597354,0.9691252144082333
SEINE,0.9970723289554861,0.973432518597237
SVD,0.9908856279486997,0.9701986754966887
VideoCrafter,0.9989246638736244,0.9745627980922098
ZeroScope,0.9976609611475988,0.9726807057484348
