train,test,n_train_gen,auc,acc,n_train,n_test
DC+SVD+ZS+Pika,Latte+OSora+SEINE+VCraft,4,0.9820577809732897,0.8973431540181507,18070,15206
Latte+OSora+VCraft+SEINE,DC+Pika+SVD+ZS,4,0.9774156283313336,0.8931671680275032,21641,11635
DC+OSora+Latte+SVD,Pika+SEINE+VCraft+ZS,4,0.9769175121204862,0.8835233623966018,19857,13419
Pika+ZS+VCraft+SEINE,DC+Latte+OSora+SVD,4,0.983941032198055,0.9119356280733125,19854,13422
DC+Latte+VCraft+ZS,OSora+Pika+SEINE+SVD,4,0.9692958292252453,0.8322244720856233,19448,13828
OSora+Pika+SVD+SEINE,DC+Latte+VCraft+ZS,4,0.9879820914311959,0.936063936063936,20263,13013
