model,n,auc_mean,auc_min,acc,f1
XGBoost (scale_pos_weight),74,0.9719803998151286,0.9440284251765849,0.906138802763101,0.9122146520420829
XGBoost,74,0.9717799013319675,0.9429125583560225,0.907975095495521,0.9133701480053832
GradientBoosting,74,0.9690309001233667,0.9380251079527582,0.9024403779029537,0.9081770678582948
RandomForest,74,0.9381792226044705,0.8940067531405104,0.8667414184990616,0.8690975661235558
LogisticRegression,74,0.9160099237173192,0.829582487345935,0.8384001969121658,0.8500053133107135
