holdout_gen,youden_t,auc,acc_t05,acc_youden,delta_acc
DynamicCrafter,0.6118040680885315,0.9981354538871787,0.9757433489827856,0.9741784037558685,-0.0015649452269170805
Latte,0.4853888154029846,0.9571134433355257,0.8483957219251337,0.8462566844919787,-0.002139037433155022
OpenSora,0.4660484790802002,0.9888441167243832,0.9429319371727749,0.9429319371727749,0.0
Pika,0.42835894227027893,0.9520696659602006,0.8131749460043196,0.7998560115190785,-0.01331893448524113
SEINE,0.5018408894538879,0.9725275284340079,0.9065620542082738,0.9067403708987162,0.00017831669044232612
SVD,0.5026371479034424,0.9857090221068863,0.9351518270715389,0.9356664951106536,0.0005146680391147074
VideoCrafter,0.6427561640739441,0.9956435975004958,0.9684859154929577,0.9660211267605634,-0.0024647887323943074
ZeroScope,0.42853909730911255,0.990910852625468,0.9419499679281591,0.9374599101988454,-0.004490057729313657
