acc,precision,recall,f1,auc
0.9337450870297586,0.9374262101534829,0.9243306169965075,0.9308323563892146,0.9834646047085976
0.9213924761370017,0.9235294117647059,0.9127906976744186,0.9181286549707602,0.9790432542989168
0.9326221224031443,0.9272517321016166,0.9337209302325581,0.9304750869061413,0.9834318107214101
0.9404494382022472,0.9476813317479191,0.9278230500582072,0.9376470588235294,0.985441243574138
0.9280898876404494,0.9139297848244621,0.9394644935972061,0.9265212399540758,0.981256138301866
