method,DynamicCrafter,SVD,ZeroScope,mean
mlp-baseline,0.9787339268051434,0.9502732933103846,0.7198712929662894,0.8829595043606058
logreg,0.9343719863968956,0.9148186215143459,0.7967838464896455,0.8819914848002957
coral,0.9792597545930601,0.9509689351258646,0.7093562961405582,0.8798616619531611
coral+mixup,0.9729776836643556,0.9459132761446019,0.6839999983542352,0.8676303193877309
mixup,0.9729355802912872,0.9389519709342371,0.6575352779964131,0.8564742764073126
