holdout_gen,method,acc,f1,auc
DynamicCrafter,logreg,0.8573014991671294,0.8525530694205393,0.9343719863968956
DynamicCrafter,mlp-baseline,0.9244863964464186,0.919526627218935,0.9787339268051434
DynamicCrafter,adversarial,0.9214325374791782,0.9169357205752862,0.9773946680412179
SVD,logreg,0.8357221609702316,0.8318284424379232,0.9148186215143459
SVD,mlp-baseline,0.8577728776185226,0.8616621983914209,0.9502732933103846
SVD,adversarial,0.8594266813671444,0.8631239935587761,0.9505758325939117
ZeroScope,logreg,0.6779987171263631,0.7352320675105485,0.7967838464896455
ZeroScope,mlp-baseline,0.5519563822963438,0.6790719044337239,0.7198712929662894
ZeroScope,adversarial,0.5439384220654265,0.6759343664539653,0.7083336590576104
