method,DynamicCrafter,SVD,ZeroScope,mean
mlp-baseline,0.9787339268051434,0.9502732933103846,0.7198712929662894,0.8829595043606058
logreg,0.9343719863968956,0.9148186215143459,0.7967838464896455,0.8819914848002957
adversarial,0.9773946680412179,0.9505758325939117,0.7083336590576104,0.8787680532309133
