acc,precision,recall,f1,auc
0.8888265019651881,0.8856476079346558,0.8835855646100116,0.8846153846153846,0.9562044348596841
0.8736664795058956,0.8739693757361602,0.8627906976744186,0.8683440608543007,0.9457907229250309
0.8961257720381808,0.901307966706302,0.8813953488372093,0.8912404467960023,0.9590662323561346
0.8949438202247191,0.9028776978417267,0.8766006984866124,0.8895451860602481,0.9573273470275135
0.8842696629213483,0.8792102206736353,0.8812572759022119,0.8802325581395349,0.9523345455097019
