acc,precision,recall,f1,auc
0.8888265019651881,0.9015795868772782,0.8637951105937136,0.882282996432818,0.958758734239228
0.8736664795058956,0.8784266984505363,0.8569767441860465,0.8675691583284285,0.9504608236749741
0.8910724312184166,0.8818807339449541,0.8941860465116279,0.8879907621247113,0.9614057015882636
0.8915730337078651,0.9031476997578692,0.8684516880093132,0.885459940652819,0.963173348804698
0.8797752808988764,0.8780773739742087,0.8719441210710128,0.875,0.9560494426390305
