generator,acc,f1,auc,precision,recall
DynamicCrafter,0.9655831739961759,0.9762532981530343,0.9963995162708883,0.9762532981530343,0.9762532981530343
SVD,0.9485714285714286,0.9645669291338582,0.9818782303827664,0.9595300261096605,0.9696569920844327
ZeroScope,0.9899295065458208,0.9934036939313984,0.9984910419693029,0.9947159841479525,0.9920948616600791
